<?xml version="1.0" encoding="UTF-8" ?>
<server>
	<!-- 服务器设置 -->
	<app host="localhost" port="9090" concurrent="100"/>
	
	<!-- 服务器接受客户端信息并直接解析转发的对象 -->
	<!-- server-dispatcher 不可删除  -->
	<dispatcher id="server-dispatcher" class="com.sunspoter.speaksky.server.engine.SpeakSkyDispatcher"/>
	
	<!-- 报文解析器 -->
	<!-- requestHeaderAnalyser,beanAnalyser 不可删除  -->
	<analyser id="requestHeaderAnalyser" class="com.sunspoter.speaksky.common.analyser.RequestHeaderAnalyser"/>
	<analyser id="beanXmlAnalyser" class="com.sunspoter.cs.codec.xml.support.BeanXmlAnalyser"/>
	
	<!-- 报文生成器 -->
	<!-- beanBuilder 不可删除  -->
	<builder  id="beanXmlBuilder" class="com.sunspoter.cs.codec.xml.support.BeanXmlBuilder"/>
	
	<!-- 过滤器 -->
	<filters>
		<filter id="sessionFilter" class="com.sunspoter.speaksky.server.filter.SessionFilter"/>
		<filter id="beanXmlFilter" class="com.sunspoter.speaksky.server.filter.BeanXmlFilter"/>
	</filters>
	
	<!-- 监听器 -->
	<listeners>
		<listener id="defaultListener" class="com.sunspoter.speaksky.server.listener.SpeakSkyContextListener"/>
	</listeners>
	
	<!-- 信息处理器 -->
	<handler id="launch" class="com.sunspoter.speaksky.server.handler.LaunchHandler"/>
	<handler id="addUser" class="com.sunspoter.speaksky.server.handler.AddUserHandler" />
	<handler id="logout" class="com.sunspoter.speaksky.server.handler.LogoutHandler" />
	<handler id="removeUser" class="com.sunspoter.speaksky.server.handler.RemoveUserHandler" />

</server>